model,query_variant_strategy,video_id,queries,mean_top1_iou,mean_best_iou_at_k,recall_top1_iou_030,recall_at_k_iou_030,recall_at_k_iou_050
CG-DETR,the_video_shows,8,3,0.08297384785074392,0.4168346799284269,0.0,0.6666666666666666,0.3333333333333333
Moment-DETR,find_moment,8,3,0.021240541224788318,0.4426606116688468,0.0,0.3333333333333333,0.3333333333333333
QD-DETR,cleaned,8,3,0.0,0.3226184523809523,0.0,0.3333333333333333,0.3333333333333333
