model,query_variant_strategy,video_id,queries,mean_top1_iou,mean_best_iou_at_k,recall_top1_iou_030,recall_at_k_iou_030,recall_at_k_iou_050
CG-DETR,screen_text,5,6,0.035909479384367886,0.28764776100138073,0.0,0.5,0.16666666666666666
Moment-DETR,screen_text,5,6,0.0,0.31189384478898036,0.0,0.5,0.3333333333333333
QD-DETR,raw_vlm,5,6,0.1351926833719759,0.22972103770961727,0.16666666666666666,0.3333333333333333,0.16666666666666666
